unit,previous_sqm,asbuilt_sqm,drawing_category,changed
1,35.0,36,A,true
2,35.0,36,A,true
3,33.0,34,A,true
4,36.0,35,A,true
5,35.0,35,A,false
6,33.0,33,A,false
7,36.0,36,A,false
8,34.0,35,A,true
9,35.0,33,A,true
10,35.0,35,A,false
11,34.0,34,A,false
12,20.0,18,Y,true
13,14.0,13,H,true
14,19.0,19,Y,false
15,3.0,2,C,true
16,3.0,2,C,true
17,22.0,22,G,false
18,22.0,23,G,true
19,12.0,12,E,false
20,11.0,10,E,true
21,11.0,11,E,false
22,10.0,10,E,false
23,10.0,11,F,true
24,11.0,13,E,true
25,11.0,9,E,true
26,11.0,12,E,true
27,10.0,8,E,true
28,10.0,11,E,true
29,10.0,12,E,true
30,35.0,35,A,false
31,10.0,8,E,true
32,11.0,13,E,true
33,11.0,8,E,true
34,11.0,14,E,true
35,10.0,10,E,false
36,11.0,12,E,true
37,12.0,11,F,true
38,7.0,9,B,true
39,7.0,6,B,true
40,23.0,23,G,false
41,23.0,23,G,false
42,13.0,12,E,true
43,11.0,11,E,false
44,11.0,11,E,false
45,11.0,11,E,false
47,12.0,14,F,true
48,12.0,12,F,false
49,12.0,12,F,false
50,10.0,11,E,true
51,3.0,3,C,false
52,3.0,3,C,false
53,6.0,6,B,false
54,6.0,6,B,false
55,6.0,6,B,false
56,5.0,6,B,true
57,6.0,7,B,true
58,6.0,5,B,true
59,6.0,6,B,false
60,6.0,6,B,false
61,5.0,5,B,false
62,9.0,9,F,false
63,25.0,25,X,false
64,23.0,23,X,false
65,22.0,23,Y,true
66,24.0,23,X,true
67,23.0,24,X,true
68,22.0,23,Y,true
69,13.0,12,F,true
70,5.0,6,B,true
71,5.0,4,B,true
72,7.0,8,B,true
73,7.0,7,B,false
74,6.0,6,B,false
75,6.0,7,B,true
76,6.0,6,B,false
77,6.0,6,B,false
78,6.0,6,B,false
79,12.0,14,F,true
80,12.0,11,F,true
81,12.0,14,F,true
82,12.0,13,F,true
83,12.0,11,E,true
84,12.0,12,E,false
85,12.0,12,F,false
86,10.0,10,E,false
87,24.0,24,X,false
88,23.0,23,X,false
89,7.0,6,B,true
90,6.0,6,B,false
91,22.0,22,Y,false
92,7.0,7,B,false
93,6.0,6,B,false
94,23.0,23,X,false
95,6.0,7,B,true
96,6.0,6,B,false
97,23.0,23,X,false
98,6.0,6,B,false
99,6.0,6,B,false
100,23.0,22,Y,true
101,13.0,13,F,false
102,6.0,6,B,false
103,6.0,5,B,true
104,5.0,6,B,true
105,7.0,8,B,true
106,6.0,6,B,false
107,6.0,5,B,true
108,69.0,70,MEGA 1,true
109,35.0,35,MEGA 2,false
110,34.0,35,MEGA 3,true
111,49.0,49,MEGA 4,false
112,14.0,14,MEGA 5,false
113,76.0,76,MEGA 6,false
114,51.0,49,MEGA 7,true
115,30.0,29,S,true
116,20.0,21,G,true
117,19.0,20,Y,true
118,11.0,12,F,true
119,12.0,12,F,false
120,4.0,4,C,false
121,3.0,4,C,true
122,3.0,4,C,true
123,3.0,3,C,false
124,4.0,4,C,false
125,3.0,4,C,true
126,3.0,3,C,false
127,3.0,3,C,false
128,4.0,4,C,false
129,3.0,4,C,true
130,11.0,12,F,true
131,11.0,8,F,true
132,9.0,10,S,true
133,7.0,7,B,false
134,8.0,9,B,true
135,7.0,7,B,false
136,7.0,6,C,true
137,13.0,14,B,true
138,8.0,15,B,true
139,7.0,11,B,true
140,7.0,8,B,true
