Campaign,Ad group,Keyword,Match type,Status
STOR24 | Brand | Midrand,Brand,stor24,Exact,Paused
STOR24 | Brand | Midrand,Brand,stor24,Phrase,Paused
STOR24 | Brand | Midrand,Brand,stor 24,Exact,Paused
STOR24 | Brand | Midrand,Brand,stor 24,Phrase,Paused
STOR24 | Brand | Midrand,Brand,stor24 midrand,Exact,Paused
STOR24 | Brand | Midrand,Brand,stor24 midrand,Phrase,Paused
STOR24 | Brand | Midrand,Brand,stor24 halfway house,Exact,Paused
STOR24 | Brand | Midrand,Brand,stor24 halfway house,Phrase,Paused
STOR24 | Brand | Midrand,Brand,stor24 tonetti,Exact,Paused
STOR24 | Brand | Midrand,Brand,stor24 tonetti,Phrase,Paused
STOR24 | Search | Midrand,Local Self Storage,self storage midrand,Exact,Paused
STOR24 | Search | Midrand,Local Self Storage,self storage midrand,Phrase,Paused
STOR24 | Search | Midrand,Local Self Storage,storage units midrand,Exact,Paused
STOR24 | Search | Midrand,Local Self Storage,storage units midrand,Phrase,Paused
STOR24 | Search | Midrand,Local Self Storage,storage halfway house,Exact,Paused
STOR24 | Search | Midrand,Local Self Storage,storage halfway house,Phrase,Paused
STOR24 | Search | Midrand,Local Self Storage,self storage near me,Exact,Paused
STOR24 | Search | Midrand,Local Self Storage,self storage near me,Phrase,Paused
STOR24 | Search | Midrand,Personal & Moving,personal storage midrand,Exact,Paused
STOR24 | Search | Midrand,Personal & Moving,personal storage midrand,Phrase,Paused
STOR24 | Search | Midrand,Personal & Moving,furniture storage midrand,Exact,Paused
STOR24 | Search | Midrand,Personal & Moving,furniture storage midrand,Phrase,Paused
STOR24 | Search | Midrand,Personal & Moving,moving storage midrand,Exact,Paused
STOR24 | Search | Midrand,Personal & Moving,moving storage midrand,Phrase,Paused
STOR24 | Search | Midrand,Personal & Moving,household storage midrand,Exact,Paused
STOR24 | Search | Midrand,Personal & Moving,household storage midrand,Phrase,Paused
STOR24 | Search | Midrand,Business Storage,business storage midrand,Exact,Paused
STOR24 | Search | Midrand,Business Storage,business storage midrand,Phrase,Paused
STOR24 | Search | Midrand,Business Storage,stock storage midrand,Exact,Paused
STOR24 | Search | Midrand,Business Storage,stock storage midrand,Phrase,Paused
STOR24 | Search | Midrand,Business Storage,document storage midrand,Exact,Paused
STOR24 | Search | Midrand,Business Storage,document storage midrand,Phrase,Paused
STOR24 | Search | Midrand,Business Storage,small business storage midrand,Exact,Paused
STOR24 | Search | Midrand,Business Storage,small business storage midrand,Phrase,Paused
